code	full-ja	full-ja-hira	full-en	base-ja	base-ja-hira	base-en	type	pref
01100	札幌市	さっぽろし	Sapporo City	札幌	さっぽろ	Sapporo	21	01
01200	市部	しぶ	City Area				23	01
01300	石狩振興局	いしかりしんこうきょく	Ishikari Subprefectural Bureau	石狩	いしかり	Ishikari	26	01
01330	渡島総合振興局	おしまそうごうしんこうきょく	Oshima General Subprefectural Bureau	渡島	おしま	Oshima	25	01
01360	檜山振興局	ひやましんこうきょく	Hiyama Subprefectural Bureau	檜山	ひやま	Hiyama	26	01
01390	後志総合振興局	しりべしそうごうしんこうきょく	Shiribeshi General Subprefectural Bureau	後志	しりべし	Shiribeshi	25	01
01420	空知総合振興局	そらちそうごうしんこうきょく	Sorachi General Subprefectural Bureau	空知	そらち	Sorachi	25	01
01450	上川総合振興局	かみかわそうごうしんこうきょく	Kamikawa General Subprefectural Bureau	上川	かみかわ	Kamikawa	25	01
01480	留萌振興局	るもいしんこうきょく	Rumoi Subprefectural Bureau	留萌	るもい	Rumoi	26	01
01510	宗谷総合振興局	そうやそうごうしんこうきょく	Soya General Subprefectural Bureau	宗谷	そうや	Soya	25	01
01540	オホーツク総合振興局	おほーつくそうごうしんこうきょく	Okhotsk General Subprefectural Bureau	オホーツク	おほーつく	Okhotsk	25	01
01570	胆振総合振興局	いぶりそうごうしんこうきょく	Iburi General Subprefectural Bureau	胆振	いぶり	Iburi	25	01
01600	日高振興局	ひだかしんこうきょく	Hidaka Subprefectural Bureau	日高	ひだか	Hidaka	26	01
01630	十勝総合振興局	とかちそうごうしんこうきょく	Tokachi General Subprefectural Bureau	十勝	とかち	Tokachi	25	01
01660	釧路総合振興局	くしろそうごうしんこうきょく	Kushiro General Subprefectural Bureau	釧路	くしろ	Kushiro	25	01
01690	根室振興局	ねむろしんこうきょく	Nemuro Subprefectural Bureau	根室	ねむろ	Nemuro	26	01
01802	石狩郡	いしかりぐん	Ishikari County	石狩	いしかり	Ishikari	24	01
01806	松前郡	まつまえぐん	Matsumae County	松前	まつまえ	Matsumae	24	01
01807	上磯郡	かみいそぐん	Kamiiso County	上磯	かみいそ	Kamiiso	24	01
01808	亀田郡	かめだぐん	Kameda County	亀田	かめだ	Kameda	24	01
01809	茅部郡	かやべぐん	Kayabe County	茅部	かやべ	Kayabe	24	01
01810	二海郡	ふたみぐん	Futami County	二海	ふたみ	Futami	24	01
01811	山越郡	やまこしぐん	Yamakoshi County	山越	やまこし	Yamakoshi	24	01
01812	檜山郡	ひやまぐん	Hiyama County	檜山	ひやま	Hiyama	24	01
01813	爾志郡	にしぐん	Nishi County	爾志	にし	Nishi	24	01
01814	久遠郡	くどうぐん	Kudo County	久遠	くどう	Kudo	24	01
01815	奥尻郡	おくしりぐん	Okushiri County	奥尻	おくしり	Okushiri	24	01
01816	瀬棚郡	せたなぐん	Setana County	瀬棚	せたな	Setana	24	01
01817	島牧郡	しままきぐん	Shimamaki County	島牧	しままき	Shimamaki	24	01
01818	寿都郡	すっつぐん	Suttsu County	寿都	すっつ	Suttsu	24	01
01819	磯谷郡	いそやぐん	Isoya County	磯谷	いそや	Isoya	24	01
01820	虻田郡	あぶたぐん	Abuta County	虻田	あぶた	Abuta	24	01
01821	岩内郡	いわないぐん	Iwanai County	岩内	いわない	Iwanai	24	01
01822	古宇郡	ふるうぐん	Furuu County	古宇	ふるう	Furuu	24	01
01823	積丹郡	しゃこたんぐん	Shakotan County	積丹	しゃこたん	Shakotan	24	01
01824	古平郡	ふるびらぐん	Furubira County	古平	ふるびら	Furubira	24	01
01825	余市郡	よいちぐん	Yoichi County	余市	よいち	Yoichi	24	01
01826	空知郡	そらちぐん	Sorachi County	空知	そらち	Sorachi	24	01
01827	夕張郡	ゆうばりぐん	Yubari County	夕張	ゆうばり	Yubari	24	01
01828	樺戸郡	かばとぐん	Kabato County	樺戸	かばと	Kabato	24	01
01829	雨竜郡	うりゅうぐん	Uryu County	雨竜	うりゅう	Uryu	24	01
01830	上川郡	かみかわぐん	Kamikawa County	上川	かみかわ	Kamikawa	24	01
01831	勇払郡	ゆうふつぐん	Yufutsu County	勇払	ゆうふつ	Yufutsu	24	01
01832	上川郡	かみかわぐん	Kamikawa County	上川	かみかわ	Kamikawa	24	01
01833	中川郡	なかがわぐん	Nakagawa County	中川	なかがわ	Nakagawa	24	01
01834	増毛郡	ましけぐん	Mashike County	増毛	ましけ	Mashike	24	01
01835	留萌郡	るもいぐん	Rumoi County	留萌	るもい	Rumoi	24	01
01836	苫前郡	とままえぐん	Tomamae County	苫前	とままえ	Tomamae	24	01
01837	天塩郡	てしおぐん	Teshio County	天塩	てしお	Teshio	24	01
01838	宗谷郡	そうやぐん	Soya County	宗谷	そうや	Soya	24	01
01839	枝幸郡	えさしぐん	Esashi County	枝幸	えさし	Esashi	24	01
01840	礼文郡	れぶんぐん	Rebun County	礼文	れぶん	Rebun	24	01
01841	利尻郡	りしりぐん	Rishiri County	利尻	りしり	Rishiri	24	01
01842	網走郡	あばしりぐん	Abashiri County	網走	あばしり	Abashiri	24	01
01843	斜里郡	しゃりぐん	Shari County	斜里	しゃり	Shari	24	01
01844	常呂郡	ところぐん	Tokoro County	常呂	ところ	Tokoro	24	01
01845	紋別郡	もんべつぐん	Monbetsu County	紋別	もんべつ	Monbetsu	24	01
01846	有珠郡	うすぐん	Usu County	有珠	うす	Usu	24	01
01848	白老郡	しらおいぐん	Shiraoi County	白老	しらおい	Shiraoi	24	01
01849	沙流郡	さるぐん	Saru County	沙流	さる	Saru	24	01
01850	新冠郡	にいかっぷぐん	Niikappu County	新冠	にいかっぷ	Niikappu	24	01
01853	浦河郡	うらかわぐん	Urakawa County	浦河	うらかわ	Urakawa	24	01
01854	様似郡	さまにぐん	Samani County	様似	さまに	Samani	24	01
01855	幌泉郡	ほろいずみぐん	Horoizumi County	幌泉	ほろいずみ	Horoizumi	24	01
01856	河東郡	かとうぐん	Kato County	河東	かとう	Kato	24	01
01857	上川郡	かみかわぐん	Kamikawa County	上川	かみかわ	Kamikawa	24	01
01858	河西郡	かさいぐん	Kasai County	河西	かさい	Kasai	24	01
01859	広尾郡	ひろおぐん	Hiroo County	広尾	ひろお	Hiroo	24	01
01860	中川郡	なかがわぐん	Nakagawa County	中川	なかがわ	Nakagawa	24	01
01861	足寄郡	あしょろぐん	Ashoro County	足寄	あしょろ	Ashoro	24	01
01862	十勝郡	とかちぐん	Tokachi County	十勝	とかち	Tokachi	24	01
01863	釧路郡	くしろぐん	Kushiro County	釧路	くしろ	Kushiro	24	01
01864	厚岸郡	あっけしぐん	Akkeshi County	厚岸	あっけし	Akkeshi	24	01
01865	川上郡	かわかみぐん	Kawakami County	川上	かわかみ	Kawakami	24	01
01866	阿寒郡	あかんぐん	Akan County	阿寒	あかん	Akan	24	01
01867	白糠郡	しらぬかぐん	Shiranuka County	白糠	しらぬか	Shiranuka	24	01
01868	野付郡	のつけぐん	Notsuke County	野付	のつけ	Notsuke	24	01
01869	標津郡	しべつぐん	Shibetsu County	標津	しべつ	Shibetsu	24	01
01870	目梨郡	めなしぐん	Menashi County	目梨	めなし	Menashi	24	01
01871	色丹郡	しこたんぐん	Shikotan County	色丹	しこたん	Shikotan	24	01
01872	国後郡	くなしりぐん	Kunashiri County	国後	くなしり	Kunashiri	24	01
01873	択捉郡	えとろふぐん	Etorofu County	択捉	えとろふ	Etorofu	24	01
01874	紗那郡	しゃなぐん	Shana County	紗那	しゃな	Shana	24	01
01875	蘂取郡	しべとろぐん	Shibetoro County	蘂取	しべとろ	Shibetoro	24	01
01876	日高郡	ひだかぐん	Hidaka County	日高	ひだか	Hidaka	24	01
02200	市部	しぶ	City Area				23	02
02300	東津軽郡	ひがしつがるぐん	Higashitsugaru County	東津軽	ひがしつがる	Higashitsugaru	24	02
02320	西津軽郡	にしつがるぐん	Nishitsugaru County	西津軽	にしつがる	Nishitsugaru	24	02
02340	中津軽郡	なかつがるぐん	Nakatsugaru County	中津軽	なかつがる	Nakatsugaru	24	02
02360	南津軽郡	みなみつがるぐん	Minamitsugaru County	南津軽	みなみつがる	Minamitsugaru	24	02
02380	北津軽郡	きたつがるぐん	Kitatsugaru County	北津軽	きたつがる	Kitatsugaru	24	02
02400	上北郡	かみきたぐん	Kamikita County	上北	かみきた	Kamikita	24	02
02420	下北郡	しもきたぐん	Shimokita County	下北	しもきた	Shimokita	24	02
02440	三戸郡	さんのへぐん	Sannohe County	三戸	さんのへ	Sannohe	24	02
03200	市部	しぶ	City Area				23	03
03300	岩手郡	いわてぐん	Iwate County	岩手	いわて	Iwate	24	03
03320	紫波郡	しわぐん	Shiwa County	紫波	しわ	Shiwa	24	03
03360	和賀郡	わがぐん	Waga County	和賀	わが	Waga	24	03
03380	胆沢郡	いさわぐん	Isawa County	胆沢	いさわ	Isawa	24	03
03400	西磐井郡	にしいわいぐん	Nishiiwai County	西磐井	にしいわい	Nishiiwai	24	03
03440	気仙郡	けせんぐん	Kesen County	気仙	けせん	Kesen	24	03
03460	上閉伊郡	かみへいぐん	Kamihei County	上閉伊	かみへい	Kamihei	24	03
03480	下閉伊郡	しもへいぐん	Shimohei County	下閉伊	しもへい	Shimohei	24	03
03500	九戸郡	くのへぐん	Kunohe County	九戸	くのへ	Kunohe	24	03
03520	二戸郡	にのへぐん	Ninohe County	二戸	にのへ	Ninohe	24	03
04100	仙台市	せんだいし	Sendai City	仙台	せんだい	Sendai	21	04
04200	市部	しぶ	City Area				23	04
04300	刈田郡	かったぐん	Katta County	刈田	かった	Katta	24	04
04320	柴田郡	しばたぐん	Shibata County	柴田	しばた	Shibata	24	04
04340	伊具郡	いぐぐん	Igu County	伊具	いぐ	Igu	24	04
04360	亘理郡	わたりぐん	Watari County	亘理	わたり	Watari	24	04
04400	宮城郡	みやぎぐん	Miyagi County	宮城	みやぎ	Miyagi	24	04
04420	黒川郡	くろかわぐん	Kurokawa County	黒川	くろかわ	Kurokawa	24	04
04440	加美郡	かみぐん	Kami County	加美	かみ	Kami	24	04
04500	遠田郡	とおだぐん	Toda County	遠田	とおだ	Toda	24	04
04580	牡鹿郡	おしかぐん	Oshika County	牡鹿	おしか	Oshika	24	04
04600	本吉郡	もとよしぐん	Motoyoshi County	本吉	もとよし	Motoyoshi	24	04
05200	市部	しぶ	City Area				23	05
05300	鹿角郡	かづのぐん	Kazuno County	鹿角	かづの	Kazuno	24	05
05320	北秋田郡	きたあきたぐん	Kitaakita County	北秋田	きたあきた	Kitaakita	24	05
05340	山本郡	やまもとぐん	Yamamoto County	山本	やまもと	Yamamoto	24	05
05360	南秋田郡	みなみあきたぐん	Minamiakita County	南秋田	みなみあきた	Minamiakita	24	05
05420	仙北郡	せんぼくぐん	Senboku County	仙北	せんぼく	Senboku	24	05
05460	雄勝郡	おがちぐん	Ogachi County	雄勝	おがち	Ogachi	24	05
06200	市部	しぶ	City Area				23	06
06300	東村山郡	ひがしむらやまぐん	Higashimurayama County	東村山	ひがしむらやま	Higashimurayama	24	06
06320	西村山郡	にしむらやまぐん	Nishimurayama County	西村山	にしむらやま	Nishimurayama	24	06
06340	北村山郡	きたむらやまぐん	Kitamurayama County	北村山	きたむらやま	Kitamurayama	24	06
06360	最上郡	もがみぐん	Mogami County	最上	もがみ	Mogami	24	06
06380	東置賜郡	ひがしおきたまぐん	Higashiokitama County	東置賜	ひがしおきたま	Higashiokitama	24	06
06400	西置賜郡	にしおきたまぐん	Nishiokitama County	西置賜	にしおきたま	Nishiokitama	24	06
06420	東田川郡	ひがしたがわぐん	Higashitagawa County	東田川	ひがしたがわ	Higashitagawa	24	06
06460	飽海郡	あくみぐん	Akumi County	飽海	あくみ	Akumi	24	06
07200	市部	しぶ	City Area				23	07
07300	伊達郡	だてぐん	Date County	伊達	だて	Date	24	07
07320	安達郡	あだちぐん	Adachi County	安達	あだち	Adachi	24	07
07340	岩瀬郡	いわせぐん	Iwase County	岩瀬	いわせ	Iwase	24	07
07360	南会津郡	みなみあいづぐん	Minamiaizu County	南会津	みなみあいづ	Minamiaizu	24	07
07400	耶麻郡	やまぐん	Yama County	耶麻	やま	Yama	24	07
07420	河沼郡	かわぬまぐん	Kawanuma County	河沼	かわぬま	Kawanuma	24	07
07440	大沼郡	おおぬまぐん	Onuma County	大沼	おおぬま	Onuma	24	07
07460	西白河郡	にししらかわぐん	Nishishirakawa County	西白河	にししらかわ	Nishishirakawa	24	07
07480	東白川郡	ひがししらかわぐん	Higashishirakawa County	東白川	ひがししらかわ	Higashishirakawa	24	07
07500	石川郡	いしかわぐん	Ishikawa County	石川	いしかわ	Ishikawa	24	07
07520	田村郡	たむらぐん	Tamura County	田村	たむら	Tamura	24	07
07540	双葉郡	ふたばぐん	Futaba County	双葉	ふたば	Futaba	24	07
07560	相馬郡	そうまぐん	Soma County	相馬	そうま	Soma	24	07
08200	市部	しぶ	City Area				23	08
08300	東茨城郡	ひがしいばらきぐん	Higashiibaraki County	東茨城	ひがしいばらき	Higashiibaraki	24	08
08340	那珂郡	なかぐん	Naka County	那珂	なか	Naka	24	08
08360	久慈郡	くじぐん	Kuji County	久慈	くじ	Kuji	24	08
08440	稲敷郡	いなしきぐん	Inashiki County	稲敷	いなしき	Inashiki	24	08
08520	結城郡	ゆうきぐん	Yuki County	結城	ゆうき	Yuki	24	08
08540	猿島郡	さしまぐん	Sashima County	猿島	さしま	Sashima	24	08
08560	北相馬郡	きたそうまぐん	Kitasoma County	北相馬	きたそうま	Kitasoma	24	08
09200	市部	しぶ	City Area				23	09
09300	河内郡	かわちぐん	Kawachi County	河内	かわち	Kawachi	24	09
09340	芳賀郡	はがぐん	Haga County	芳賀	はが	Haga	24	09
09360	下都賀郡	しもつがぐん	Shimotsuga County	下都賀	しもつが	Shimotsuga	24	09
09380	塩谷郡	しおやぐん	Shioya County	塩谷	しおや	Shioya	24	09
09400	那須郡	なすぐん	Nasu County	那須	なす	Nasu	24	09
10200	市部	しぶ	City Area				23	10
10340	北群馬郡	きたぐんまぐん	Kitagunma County	北群馬	きたぐんま	Kitagunma	24	10
10360	多野郡	たのぐん	Tano County	多野	たの	Tano	24	10
10380	甘楽郡	かんらぐん	Kanra County	甘楽	かんら	Kanra	24	10
10420	吾妻郡	あがつまぐん	Agatsuma County	吾妻	あがつま	Agatsuma	24	10
10440	利根郡	とねぐん	Tone County	利根	とね	Tone	24	10
10460	佐波郡	さわぐん	Sawa County	佐波	さわ	Sawa	24	10
10520	邑楽郡	おうらぐん	Ora County	邑楽	おうら	Ora	24	10
11100	さいたま市	さいたまし	Saitama City	さいたま	さいたま	Saitama	21	11
11200	市部	しぶ	City Area				23	11
11300	北足立郡	きたあだちぐん	Kitaadachi County	北足立	きたあだち	Kitaadachi	24	11
11320	入間郡	いるまぐん	Iruma County	入間	いるま	Iruma	24	11
11340	比企郡	ひきぐん	Hiki County	比企	ひき	Hiki	24	11
11360	秩父郡	ちちぶぐん	Chichibu County	秩父	ちちぶ	Chichibu	24	11
11380	児玉郡	こだまぐん	Kodama County	児玉	こだま	Kodama	24	11
11400	大里郡	おおさとぐん	Osato County	大里	おおさと	Osato	24	11
11440	南埼玉郡	みなみさいたまぐん	Minamisaitama County	南埼玉	みなみさいたま	Minamisaitama	24	11
11460	北葛飾郡	きたかつしかぐん	Kitakatsushika County	北葛飾	きたかつしか	Kitakatsushika	24	11
12100	千葉市	ちばし	Chiba City	千葉	ちば	Chiba	21	12
12200	市部	しぶ	City Area				23	12
12320	印旛郡	いんばぐん	Inba County	印旛	いんば	Inba	24	12
12340	香取郡	かとりぐん	Katori County	香取	かとり	Katori	24	12
12400	山武郡	さんぶぐん	Sanbu County	山武	さんぶ	Sanbu	24	12
12420	長生郡	ちょうせいぐん	Chosei County	長生	ちょうせい	Chosei	24	12
12440	夷隅郡	いすみぐん	Isumi County	夷隅	いすみ	Isumi	24	12
12460	安房郡	あわぐん	Awa County	安房	あわ	Awa	24	12
13100	特別区部	とくべつくぶ	Special Ward Area				22	13
13200	市部	しぶ	City Area				23	13
13300	西多摩郡	にしたまぐん	Nishitama County	西多摩	にしたま	Nishitama	24	13
13360	大島支庁	おおしましちょう	Oshima Branch Office	大島	おおしま	Oshima	27	13
13380	三宅支庁	みやけしちょう	Miyake Branch Office	三宅	みやけ	Miyake	27	13
13400	八丈支庁	はちじょうしちょう	Hachijo Branch Office	八丈	はちじょう	Hachijo	27	13
13420	小笠原支庁	おがさわらしちょう	Ogasawara Branch Office	小笠原	おがさわら	Ogasawara	27	13
14100	横浜市	よこはまし	Yokohama City	横浜	よこはま	Yokohama	21	14
14130	川崎市	かわさきし	Kawasaki City	川崎	かわさき	Kawasaki	21	14
14150	相模原市	さがみはらし	Sagamihara City	相模原	さがみはら	Sagamihara	21	14
14200	市部	しぶ	City Area				23	14
14300	三浦郡	みうらぐん	Miura County	三浦	みうら	Miura	24	14
14320	高座郡	こうざぐん	Koza County	高座	こうざ	Koza	24	14
14340	中郡	なかぐん	Naka County	中	なか	Naka	24	14
14360	足柄上郡	あしがらかみぐん	Ashigarakami County	足柄上	あしがらかみ	Ashigarakami	24	14
14380	足柄下郡	あしがらしもぐん	Ashigarashimo County	足柄下	あしがらしも	Ashigarashimo	24	14
14400	愛甲郡	あいこうぐん	Aiko County	愛甲	あいこう	Aiko	24	14
15100	新潟市	にいがたし	Niigata City	新潟	にいがた	Niigata	21	15
15200	市部	しぶ	City Area				23	15
15300	北蒲原郡	きたかんばらぐん	Kitakanbara County	北蒲原	きたかんばら	Kitakanbara	24	15
15340	西蒲原郡	にしかんばらぐん	Nishikanbara County	西蒲原	にしかんばら	Nishikanbara	24	15
15360	南蒲原郡	みなみかんばらぐん	Minamikanbara County	南蒲原	みなみかんばら	Minamikanbara	24	15
15380	東蒲原郡	ひがしかんばらぐん	Higashikanbara County	東蒲原	ひがしかんばら	Higashikanbara	24	15
15400	三島郡	さんとうぐん	Santo County	三島	さんとう	Santo	24	15
15460	南魚沼郡	みなみうおぬまぐん	Minamiuonuma County	南魚沼	みなみうおぬま	Minamiuonuma	24	15
15480	中魚沼郡	なかうおぬまぐん	Nakauonuma County	中魚沼	なかうおぬま	Nakauonuma	24	15
15500	刈羽郡	かりわぐん	Kariwa County	刈羽	かりわ	Kariwa	24	15
15580	岩船郡	いわふねぐん	Iwafune County	岩船	いわふね	Iwafune	24	15
16200	市部	しぶ	City Area				23	16
16320	中新川郡	なかにいかわぐん	Nakaniikawa County	中新川	なかにいかわ	Nakaniikawa	24	16
16340	下新川郡	しもにいかわぐん	Shimoniikawa County	下新川	しもにいかわ	Shimoniikawa	24	16
17200	市部	しぶ	City Area				23	17
17320	能美郡	のみぐん	Nomi County	能美	のみ	Nomi	24	17
17360	河北郡	かほくぐん	Kahoku County	河北	かほく	Kahoku	24	17
17380	羽咋郡	はくいぐん	Hakui County	羽咋	はくい	Hakui	24	17
17400	鹿島郡	かしまぐん	Kashima County	鹿島	かしま	Kashima	24	17
17460	鳳珠郡	ほうすぐん	Hosu County	鳳珠	ほうす	Hosu	24	17
18200	市部	しぶ	City Area				23	18
18320	吉田郡	よしだぐん	Yoshida County	吉田	よしだ	Yoshida	24	18
18380	今立郡	いまだてぐん	Imadate County	今立	いまだて	Imadate	24	18
18400	南条郡	なんじょうぐん	Nanjo County	南条	なんじょう	Nanjo	24	18
18420	丹生郡	にゅうぐん	Nyu County	丹生	にゅう	Nyu	24	18
18440	三方郡	みかたぐん	Mikata County	三方	みかた	Mikata	24	18
18480	大飯郡	おおいぐん	Oi County	大飯	おおい	Oi	24	18
18500	三方上中郡	みかたかみなかぐん	Mikatakaminaka County	三方上中	みかたかみなか	Mikatakaminaka	24	18
19200	市部	しぶ	City Area				23	19
19340	西八代郡	にしやつしろぐん	Nishiyatsushiro County	西八代	にしやつしろ	Nishiyatsushiro	24	19
19360	南巨摩郡	みなみこまぐん	Minamikoma County	南巨摩	みなみこま	Minamikoma	24	19
19380	中巨摩郡	なかこまぐん	Nakakoma County	中巨摩	なかこま	Nakakoma	24	19
19420	南都留郡	みなみつるぐん	Minamitsuru County	南都留	みなみつる	Minamitsuru	24	19
19440	北都留郡	きたつるぐん	Kitatsuru County	北都留	きたつる	Kitatsuru	24	19
20200	市部	しぶ	City Area				23	20
20300	南佐久郡	みなみさくぐん	Minamisaku County	南佐久	みなみさく	Minamisaku	24	20
20320	北佐久郡	きたさくぐん	Kitasaku County	北佐久	きたさく	Kitasaku	24	20
20340	小県郡	ちいさがたぐん	Chiisagata County	小県	ちいさがた	Chiisagata	24	20
20360	諏訪郡	すわぐん	Suwa County	諏訪	すわ	Suwa	24	20
20380	上伊那郡	かみいなぐん	Kamiina County	上伊那	かみいな	Kamiina	24	20
20400	下伊那郡	しもいなぐん	Shimoina County	下伊那	しもいな	Shimoina	24	20
20420	木曽郡	きそぐん	Kiso County	木曽	きそ	Kiso	24	20
20440	東筑摩郡	ひがしちくまぐん	Higashichikuma County	東筑摩	ひがしちくま	Higashichikuma	24	20
20480	北安曇郡	きたあづみぐん	Kitaazumi County	北安曇	きたあづみ	Kitaazumi	24	20
20520	埴科郡	はにしなぐん	Hanishina County	埴科	はにしな	Hanishina	24	20
20540	上高井郡	かみたかいぐん	Kamitakai County	上高井	かみたかい	Kamitakai	24	20
20560	下高井郡	しもたかいぐん	Shimotakai County	下高井	しもたかい	Shimotakai	24	20
20580	上水内郡	かみみのちぐん	Kamiminochi County	上水内	かみみのち	Kamiminochi	24	20
20600	下水内郡	しもみのちぐん	Shimominochi County	下水内	しもみのち	Shimominochi	24	20
21200	市部	しぶ	City Area				23	21
21300	羽島郡	はしまぐん	Hashima County	羽島	はしま	Hashima	24	21
21340	養老郡	ようろうぐん	Yoro County	養老	ようろう	Yoro	24	21
21360	不破郡	ふわぐん	Fuwa County	不破	ふわ	Fuwa	24	21
21380	安八郡	あんぱちぐん	Anpachi County	安八	あんぱち	Anpachi	24	21
21400	揖斐郡	いびぐん	Ibi County	揖斐	いび	Ibi	24	21
21420	本巣郡	もとすぐん	Motosu County	本巣	もとす	Motosu	24	21
21500	加茂郡	かもぐん	Kamo County	加茂	かも	Kamo	24	21
21520	可児郡	かにぐん	Kani County	可児	かに	Kani	24	21
21600	大野郡	おおのぐん	Ono County	大野	おおの	Ono	24	21
22100	静岡市	しずおかし	Shizuoka City	静岡	しずおか	Shizuoka	21	22
22130	浜松市	はままつし	Hamamatsu City	浜松	はままつ	Hamamatsu	21	22
22200	市部	しぶ	City Area				23	22
22300	賀茂郡	かもぐん	Kamo County	賀茂	かも	Kamo	24	22
22320	田方郡	たがたぐん	Tagata County	田方	たがた	Tagata	24	22
22340	駿東郡	すんとうぐん	Sunto County	駿東	すんとう	Sunto	24	22
22420	榛原郡	はいばらぐん	Haibara County	榛原	はいばら	Haibara	24	22
22460	周智郡	しゅうちぐん	Shuchi County	周智	しゅうち	Shuchi	24	22
23100	名古屋市	なごやし	Nagoya City	名古屋	なごや	Nagoya	21	23
23200	市部	しぶ	City Area				23	23
23300	愛知郡	あいちぐん	Aichi County	愛知	あいち	Aichi	24	23
23340	西春日井郡	にしかすがいぐん	Nishikasugai County	西春日井	にしかすがい	Nishikasugai	24	23
23360	丹羽郡	にわぐん	Niwa County	丹羽	にわ	Niwa	24	23
23420	海部郡	あまぐん	Ama County	海部	あま	Ama	24	23
23440	知多郡	ちたぐん	Chita County	知多	ちた	Chita	24	23
23500	額田郡	ぬかたぐん	Nukata County	額田	ぬかた	Nukata	24	23
23560	北設楽郡	きたしたらぐん	Kitashitara County	北設楽	きたしたら	Kitashitara	24	23
24200	市部	しぶ	City Area				23	24
24300	桑名郡	くわなぐん	Kuwana County	桑名	くわな	Kuwana	24	24
24320	員弁郡	いなべぐん	Inabe County	員弁	いなべ	Inabe	24	24
24340	三重郡	みえぐん	Mie County	三重	みえ	Mie	24	24
24440	多気郡	たきぐん	Taki County	多気	たき	Taki	24	24
24460	度会郡	わたらいぐん	Watarai County	度会	わたらい	Watarai	24	24
24540	北牟婁郡	きたむろぐん	Kitamuro County	北牟婁	きたむろ	Kitamuro	24	24
24560	南牟婁郡	みなみむろぐん	Minamimuro County	南牟婁	みなみむろ	Minamimuro	24	24
25200	市部	しぶ	City Area				23	25
25380	蒲生郡	がもうぐん	Gamo County	蒲生	がもう	Gamo	24	25
25420	愛知郡	えちぐん	Echi County	愛知	えち	Echi	24	25
25440	犬上郡	いぬかみぐん	Inukami County	犬上	いぬかみ	Inukami	24	25
26100	京都市	きょうとし	Kyoto City	京都	きょうと	Kyoto	21	26
26200	市部	しぶ	City Area				23	26
26300	乙訓郡	おとくにぐん	Otokuni County	乙訓	おとくに	Otokuni	24	26
26320	久世郡	くせぐん	Kuse County	久世	くせ	Kuse	24	26
26340	綴喜郡	つづきぐん	Tsuzuki County	綴喜	つづき	Tsuzuki	24	26
26360	相楽郡	そうらくぐん	Soraku County	相楽	そうらく	Soraku	24	26
26400	船井郡	ふないぐん	Funai County	船井	ふない	Funai	24	26
26460	与謝郡	よさぐん	Yosa County	与謝	よさ	Yosa	24	26
27100	大阪市	おおさかし	Osaka City	大阪	おおさか	Osaka	21	27
27140	堺市	さかいし	Sakai City	堺	さかい	Sakai	21	27
27200	市部	しぶ	City Area				23	27
27300	三島郡	みしまぐん	Mishima County	三島	みしま	Mishima	24	27
27320	豊能郡	とよのぐん	Toyono County	豊能	とよの	Toyono	24	27
27340	泉北郡	せんぼくぐん	Senboku County	泉北	せんぼく	Senboku	24	27
27360	泉南郡	せんなんぐん	Sennan County	泉南	せんなん	Sennan	24	27
27380	南河内郡	みなみかわちぐん	Minamikawachi County	南河内	みなみかわち	Minamikawachi	24	27
28100	神戸市	こうべし	Kobe City	神戸	こうべ	Kobe	21	28
28200	市部	しぶ	City Area				23	28
28300	川辺郡	かわべぐん	Kawabe County	川辺	かわべ	Kawabe	24	28
28360	多可郡	たかぐん	Taka County	多可	たか	Taka	24	28
28380	加古郡	かこぐん	Kako County	加古	かこ	Kako	24	28
28440	神崎郡	かんざきぐん	Kanzaki County	神崎	かんざき	Kanzaki	24	28
28460	揖保郡	いぼぐん	Ibo County	揖保	いぼ	Ibo	24	28
28480	赤穂郡	あこうぐん	Ako County	赤穂	あこう	Ako	24	28
28500	佐用郡	さようぐん	Sayo County	佐用	さよう	Sayo	24	28
28580	美方郡	みかたぐん	Mikata County	美方	みかた	Mikata	24	28
29200	市部	しぶ	City Area				23	29
29320	山辺郡	やまべぐん	Yamabe County	山辺	やまべ	Yamabe	24	29
29340	生駒郡	いこまぐん	Ikoma County	生駒	いこま	Ikoma	24	29
29360	磯城郡	しきぐん	Shiki County	磯城	しき	Shiki	24	29
29380	宇陀郡	うだぐん	Uda County	宇陀	うだ	Uda	24	29
29400	高市郡	たかいちぐん	Takaichi County	高市	たかいち	Takaichi	24	29
29420	北葛城郡	きたかつらぎぐん	Kitakatsuragi County	北葛城	きたかつらぎ	Kitakatsuragi	24	29
29440	吉野郡	よしのぐん	Yoshino County	吉野	よしの	Yoshino	24	29
30200	市部	しぶ	City Area				23	30
30300	海草郡	かいそうぐん	Kaiso County	海草	かいそう	Kaiso	24	30
30340	伊都郡	いとぐん	Ito County	伊都	いと	Ito	24	30
30360	有田郡	ありだぐん	Arida County	有田	ありだ	Arida	24	30
30380	日高郡	ひだかぐん	Hidaka County	日高	ひだか	Hidaka	24	30
30400	西牟婁郡	にしむろぐん	Nishimuro County	西牟婁	にしむろ	Nishimuro	24	30
30420	東牟婁郡	ひがしむろぐん	Higashimuro County	東牟婁	ひがしむろ	Higashimuro	24	30
31200	市部	しぶ	City Area				23	31
31300	岩美郡	いわみぐん	Iwami County	岩美	いわみ	Iwami	24	31
31320	八頭郡	やずぐん	Yazu County	八頭	やず	Yazu	24	31
31360	東伯郡	とうはくぐん	Tohaku County	東伯	とうはく	Tohaku	24	31
31380	西伯郡	さいはくぐん	Saihaku County	西伯	さいはく	Saihaku	24	31
31400	日野郡	ひのぐん	Hino County	日野	ひの	Hino	24	31
32200	市部	しぶ	City Area				23	32
32340	仁多郡	にたぐん	Nita County	仁多	にた	Nita	24	32
32380	飯石郡	いいしぐん	Iishi County	飯石	いいし	Iishi	24	32
32440	邑智郡	おおちぐん	Ochi County	邑智	おおち	Ochi	24	32
32500	鹿足郡	かのあしぐん	Kanoashi County	鹿足	かのあし	Kanoashi	24	32
32520	隠岐郡	おきぐん	Oki County	隠岐	おき	Oki	24	32
33100	岡山市	おかやまし	Okayama City	岡山	おかやま	Okayama	21	33
33200	市部	しぶ	City Area				23	33
33340	和気郡	わけぐん	Wake County	和気	わけ	Wake	24	33
33420	都窪郡	つくぼぐん	Tsukubo County	都窪	つくぼ	Tsukubo	24	33
33440	浅口郡	あさくちぐん	Asakuchi County	浅口	あさくち	Asakuchi	24	33
33460	小田郡	おだぐん	Oda County	小田	おだ	Oda	24	33
33580	真庭郡	まにわぐん	Maniwa County	真庭	まにわ	Maniwa	24	33
33600	苫田郡	とまたぐん	Tomata County	苫田	とまた	Tomata	24	33
33620	勝田郡	かつたぐん	Katsuta County	勝田	かつた	Katsuta	24	33
33640	英田郡	あいだぐん	Aida County	英田	あいだ	Aida	24	33
33660	久米郡	くめぐん	Kume County	久米	くめ	Kume	24	33
33680	加賀郡	かがぐん	Kaga County	加賀	かが	Kaga	24	33
34100	広島市	ひろしまし	Hiroshima City	広島	ひろしま	Hiroshima	21	34
34200	市部	しぶ	City Area				23	34
34300	安芸郡	あきぐん	Aki County	安芸	あき	Aki	24	34
34360	山県郡	やまがたぐん	Yamagata County	山県	やまがた	Yamagata	24	34
34420	豊田郡	とよたぐん	Toyota County	豊田	とよた	Toyota	24	34
34460	世羅郡	せらぐん	Sera County	世羅	せら	Sera	24	34
34540	神石郡	じんせきぐん	Jinseki County	神石	じんせき	Jinseki	24	34
35200	市部	しぶ	City Area				23	35
35300	大島郡	おおしまぐん	Oshima County	大島	おおしま	Oshima	24	35
35320	玖珂郡	くがぐん	Kuga County	玖珂	くが	Kuga	24	35
35340	熊毛郡	くまげぐん	Kumage County	熊毛	くまげ	Kumage	24	35
35500	阿武郡	あぶぐん	Abu County	阿武	あぶ	Abu	24	35
36200	市部	しぶ	City Area				23	36
36300	勝浦郡	かつうらぐん	Katsuura County	勝浦	かつうら	Katsuura	24	36
36320	名東郡	みょうどうぐん	Myodo County	名東	みょうどう	Myodo	24	36
36340	名西郡	みょうざいぐん	Myozai County	名西	みょうざい	Myozai	24	36
36360	那賀郡	なかぐん	Naka County	那賀	なか	Naka	24	36
36380	海部郡	かいふぐん	Kaifu County	海部	かいふ	Kaifu	24	36
36400	板野郡	いたのぐん	Itano County	板野	いたの	Itano	24	36
36460	美馬郡	みまぐん	Mima County	美馬	みま	Mima	24	36
36480	三好郡	みよしぐん	Miyoshi County	三好	みよし	Miyoshi	24	36
37200	市部	しぶ	City Area				23	37
37320	小豆郡	しょうずぐん	Shozu County	小豆	しょうず	Shozu	24	37
37340	木田郡	きたぐん	Kita County	木田	きた	Kita	24	37
37360	香川郡	かがわぐん	Kagawa County	香川	かがわ	Kagawa	24	37
37380	綾歌郡	あやうたぐん	Ayauta County	綾歌	あやうた	Ayauta	24	37
37400	仲多度郡	なかたどぐん	Nakatado County	仲多度	なかたど	Nakatado	24	37
38200	市部	しぶ	City Area				23	38
38340	越智郡	おちぐん	Ochi County	越智	おち	Ochi	24	38
38380	上浮穴郡	かみうけなぐん	Kamiukena County	上浮穴	かみうけな	Kamiukena	24	38
38400	伊予郡	いよぐん	Iyo County	伊予	いよ	Iyo	24	38
38420	喜多郡	きたぐん	Kita County	喜多	きた	Kita	24	38
38440	西宇和郡	にしうわぐん	Nishiuwa County	西宇和	にしうわ	Nishiuwa	24	38
38480	北宇和郡	きたうわぐん	Kitauwa County	北宇和	きたうわ	Kitauwa	24	38
38500	南宇和郡	みなみうわぐん	Minamiuwa County	南宇和	みなみうわ	Minamiuwa	24	38
39200	市部	しぶ	City Area				23	39
39300	安芸郡	あきぐん	Aki County	安芸	あき	Aki	24	39
39340	長岡郡	ながおかぐん	Nagaoka County	長岡	ながおか	Nagaoka	24	39
39360	土佐郡	とさぐん	Tosa County	土佐	とさ	Tosa	24	39
39380	吾川郡	あがわぐん	Agawa County	吾川	あがわ	Agawa	24	39
39400	高岡郡	たかおかぐん	Takaoka County	高岡	たかおか	Takaoka	24	39
39420	幡多郡	はたぐん	Hata County	幡多	はた	Hata	24	39
40100	北九州市	きたきゅうしゅうし	Kitakyushu City	北九州	きたきゅうしゅう	Kitakyushu	21	40
40130	福岡市	ふくおかし	Fukuoka City	福岡	ふくおか	Fukuoka	21	40
40200	市部	しぶ	City Area				23	40
40340	糟屋郡	かすやぐん	Kasuya County	糟屋	かすや	Kasuya	24	40
40380	遠賀郡	おんがぐん	Onga County	遠賀	おんが	Onga	24	40
40400	鞍手郡	くらてぐん	Kurate County	鞍手	くらて	Kurate	24	40
40420	嘉穂郡	かほぐん	Kaho County	嘉穂	かほ	Kaho	24	40
40440	朝倉郡	あさくらぐん	Asakura County	朝倉	あさくら	Asakura	24	40
40500	三井郡	みいぐん	Mii County	三井	みい	Mii	24	40
40520	三潴郡	みづまぐん	Mizuma County	三潴	みづま	Mizuma	24	40
40540	八女郡	やめぐん	Yame County	八女	やめ	Yame	24	40
40600	田川郡	たがわぐん	Tagawa County	田川	たがわ	Tagawa	24	40
40620	京都郡	みやこぐん	Miyako County	京都	みやこ	Miyako	24	40
40640	築上郡	ちくじょうぐん	Chikujo County	築上	ちくじょう	Chikujo	24	40
41200	市部	しぶ	City Area				23	41
41320	神埼郡	かんざきぐん	Kanzaki County	神埼	かんざき	Kanzaki	24	41
41340	三養基郡	みやきぐん	Miyaki County	三養基	みやき	Miyaki	24	41
41380	東松浦郡	ひがしまつうらぐん	Higashimatsuura County	東松浦	ひがしまつうら	Higashimatsuura	24	41
41400	西松浦郡	にしまつうらぐん	Nishimatsuura County	西松浦	にしまつうら	Nishimatsuura	24	41
41420	杵島郡	きしまぐん	Kishima County	杵島	きしま	Kishima	24	41
41440	藤津郡	ふじつぐん	Fujitsu County	藤津	ふじつ	Fujitsu	24	41
42200	市部	しぶ	City Area				23	42
42300	西彼杵郡	にしそのぎぐん	Nishisonogi County	西彼杵	にしそのぎ	Nishisonogi	24	42
42320	東彼杵郡	ひがしそのぎぐん	Higashisonogi County	東彼杵	ひがしそのぎ	Higashisonogi	24	42
42380	北松浦郡	きたまつうらぐん	Kitamatsuura County	北松浦	きたまつうら	Kitamatsuura	24	42
42400	南松浦郡	みなみまつうらぐん	Minamimatsuura County	南松浦	みなみまつうら	Minamimatsuura	24	42
43100	熊本市	くまもとし	Kumamoto City	熊本	くまもと	Kumamoto	21	43
43200	市部	しぶ	City Area				23	43
43340	下益城郡	しもましきぐん	Shimomashiki County	下益城	しもましき	Shimomashiki	24	43
43360	玉名郡	たまなぐん	Tamana County	玉名	たまな	Tamana	24	43
43400	菊池郡	きくちぐん	Kikuchi County	菊池	きくち	Kikuchi	24	43
43420	阿蘇郡	あそぐん	Aso County	阿蘇	あそ	Aso	24	43
43440	上益城郡	かみましきぐん	Kamimashiki County	上益城	かみましき	Kamimashiki	24	43
43460	八代郡	やつしろぐん	Yatsushiro County	八代	やつしろ	Yatsushiro	24	43
43480	葦北郡	あしきたぐん	Ashikita County	葦北	あしきた	Ashikita	24	43
43500	球磨郡	くまぐん	Kuma County	球磨	くま	Kuma	24	43
43520	天草郡	あまくさぐん	Amakusa County	天草	あまくさ	Amakusa	24	43
44200	市部	しぶ	City Area				23	44
44320	東国東郡	ひがしくにさきぐん	Higashikunisaki County	東国東	ひがしくにさき	Higashikunisaki	24	44
44340	速見郡	はやみぐん	Hayami County	速見	はやみ	Hayami	24	44
44460	玖珠郡	くすぐん	Kusu County	玖珠	くす	Kusu	24	44
45200	市部	しぶ	City Area				23	45
45340	北諸県郡	きたもろかたぐん	Kitamorokata County	北諸県	きたもろかた	Kitamorokata	24	45
45360	西諸県郡	にしもろかたぐん	Nishimorokata County	西諸県	にしもろかた	Nishimorokata	24	45
45380	東諸県郡	ひがしもろかたぐん	Higashimorokata County	東諸県	ひがしもろかた	Higashimorokata	24	45
45400	児湯郡	こゆぐん	Koyu County	児湯	こゆ	Koyu	24	45
45420	東臼杵郡	ひがしうすきぐん	Higashiusuki County	東臼杵	ひがしうすき	Higashiusuki	24	45
45440	西臼杵郡	にしうすきぐん	Nishiusuki County	西臼杵	にしうすき	Nishiusuki	24	45
46200	市部	しぶ	City Area				23	46
46300	鹿児島郡	かごしまぐん	Kagoshima County	鹿児島	かごしま	Kagoshima	24	46
46380	薩摩郡	さつまぐん	Satsuma County	薩摩	さつま	Satsuma	24	46
46400	出水郡	いずみぐん	Izumi County	出水	いずみ	Izumi	24	46
46440	姶良郡	あいらぐん	Aira County	姶良	あいら	Aira	24	46
46460	曽於郡	そおぐん	Soo County	曽於	そお	Soo	24	46
46480	肝属郡	きもつきぐん	Kimotsuki County	肝属	きもつき	Kimotsuki	24	46
46500	熊毛郡	くまげぐん	Kumage County	熊毛	くまげ	Kumage	24	46
46520	大島郡	おおしまぐん	Oshima County	大島	おおしま	Oshima	24	46
47200	市部	しぶ	City Area				23	47
47300	国頭郡	くにがみぐん	Kunigami County	国頭	くにがみ	Kunigami	24	47
47320	中頭郡	なかがみぐん	Nakagami County	中頭	なかがみ	Nakagami	24	47
47340	島尻郡	しまじりぐん	Shimajiri County	島尻	しまじり	Shimajiri	24	47
47370	宮古郡	みやこぐん	Miyako County	宮古	みやこ	Miyako	24	47
47380	八重山郡	やえやまぐん	Yaeyama County	八重山	やえやま	Yaeyama	24	47
